,GMSST,dGMSST
3x,26.251386190311923,7.482312223120566
1.5x,22.945937034776,4.1768630675846445
PI,18.769073967191357,
