,BWT,dBWT
3x,9.170403169565201,7.082249553115195
1.5x,5.420079664245763,3.3319260477957573
PI,2.0881536164500054,
