,lower,upper,PI
H13,17.332824279834416,18.627573615951025,13.42733992
E24,16.15434771509246,17.58848415154598,13.9
E24_pH,18.979803994688872,20.38075199847134,13.9
B21,21.9185,23.9339,14
