,lower,upper
Dd18Ob,-2.036243113861648,-1.7143450251529535
